Year,Value,GeoCode
2018,257.635662113981,
2020,260.40972069523,
2022,254.142450659731,
2023,245.710663873295,
