Year,Value,GeoCode
2020,260.5568381,
2018,257.6880441,
