Year,Value,GeoCode
2018,257.6880441,
2020,260.5568381,
