Year,Value
2024,92.35875
2023,93.4616666666667
2022,91.8216666666667
2021,93.4208333333333
2020,87.4366666666667
2019,87.4658333333333
2018,86.5708333333333
2017,86.44875
2016,86.2795833333333
