Year,Value
2022,92.9225
2021,93.42083333
2020,87.43666667
2019,87.46583333
2018,86.57083333
2017,86.44875
2016,86.27958333
