Year,Value,GeoCode
2015,63.52328797,
2016,64.09830392,
2017,65.36409266,
2018,65.18238494,
2019,64.93356971,
2020,66.32405648,
