{"data":{"Year":[2024,2024,2024,2024,2024,2024,2023,2023,2023,2023,2023,2023,2022,2022,2022,2022,2022,2022,2021,2021,2021,2021,2021,2021,2020,2020,2020,2020,2020,2020,2019,2019,2019,2019,2019,2019,2018,2018,2018,2018,2018,2018,2017,2017,2017,2017,2017,2017,2016,2016,2016,2016,2016,2016,2015,2015,2014,2014,2013,2013,2012,2012,2011,2011,2010,2010,2009,2009,2008,2008,2007,2007,2006,2006,2005,2005,2004],"Pillar":["Pillar 1: Data Use","Pillar 2: Data Services","Pillar 3: Data Products","Pillar 4: Data Sources","Pillar 5: Data Infrastructure",null,"Pillar 1: Data Use","Pillar 2: Data Services","Pillar 3: Data Products","Pillar 4: Data Sources","Pillar 5: Data Infrastructure",null,"Pillar 1: Data Use","Pillar 2: Data Services","Pillar 3: Data Products","Pillar 4: Data Sources","Pillar 5: Data Infrastructure",null,"Pillar 1: Data Use","Pillar 2: Data Services","Pillar 3: Data Products","Pillar 4: Data Sources","Pillar 5: Data Infrastructure",null,"Pillar 1: Data Use","Pillar 2: Data Services","Pillar 3: Data Products","Pillar 4: Data Sources","Pillar 5: Data Infrastructure",null,"Pillar 1: Data Use","Pillar 2: Data Services","Pillar 3: Data Products","Pillar 4: Data Sources","Pillar 5: Data Infrastructure",null,"Pillar 1: Data Use","Pillar 2: Data Services","Pillar 3: Data Products","Pillar 4: Data Sources","Pillar 5: Data Infrastructure",null,"Pillar 1: Data Use","Pillar 2: Data Services","Pillar 3: Data Products","Pillar 4: Data Sources","Pillar 5: Data Infrastructure",null,"Pillar 1: Data Use","Pillar 2: Data Services","Pillar 3: Data Products","Pillar 4: Data Sources","Pillar 5: Data Infrastructure",null,"Pillar 1: Data Use","Pillar 3: Data Products","Pillar 1: Data Use","Pillar 3: Data Products","Pillar 1: Data Use","Pillar 3: Data Products","Pillar 1: Data Use","Pillar 3: Data Products","Pillar 1: Data Use","Pillar 3: Data Products","Pillar 1: Data Use","Pillar 3: Data Products","Pillar 1: Data Use","Pillar 3: Data Products","Pillar 1: Data Use","Pillar 3: Data Products","Pillar 1: Data Use","Pillar 3: Data Products","Pillar 1: Data Use","Pillar 3: Data Products","Pillar 1: Data Use","Pillar 3: Data Products","Pillar 1: Data Use"],"Value":[100.0,93.3,87.21875,91.275,90.0,92.35875,100.0,92.7333333333,84.75,89.825,100.0,93.4616666667,100.0,92.7333333333,76.55,89.825,100.0,91.8216666667,100.0,93.0666666667,83.6875,90.35,100.0,93.4208333333,100.0,93.0666666667,67.1,82.0166666667,95.0,87.4366666667,100.0,93.2,60.0125,84.1166666667,100.0,87.4658333333,100.0,93.2,60.5375,84.1166666667,95.0,86.5708333333,100.0,95.2333333333,64.14375,77.8666666667,95.0,86.44875,100.0,95.1,59.20625,82.0916666667,95.0,86.2795833333,80.0,57.16875,60.0,50.56875,60.0,51.29375,60.0,51.34375,60.0,50.09375,60.0,49.7,40.0,49.9375,40.0,49.9375,40.0,49.70625,40.0,49.00625,40.0,48.85625,40.0]},"edges":[]}